insert into public.classes (id, name, sort_order) values
  ('sarang', '사랑반', 1),
  ('somang1', '소망1반', 2),
  ('somang2', '소망2반', 3),
  ('mideum1', '믿음1반', 4),
  ('mideum2', '믿음2반', 5);

insert into public.teachers (id, name, sort_order) values
  ('teacher-kang-sunjin', '강순진', 1),
  ('teacher-kim-hyun-jin', '김현진', 2),
  ('teacher-park-okhee', '박옥희', 3),
  ('teacher-seong-yuri', '성유리', 4),
  ('teacher-shin-migyeong', '신미경', 5),
  ('teacher-oh-seonnyeo', '오선녀', 6),
  ('teacher-yoon-jeonga', '윤정아', 7),
  ('teacher-lee-rinja', '이린자', 8),
  ('teacher-lee-seonye', '이선예', 9),
  ('teacher-jeong-eunji', '정은지', 10),
  ('teacher-jo-mungyeong', '조문경', 11),
  ('teacher-jo-seonyeong', '조선영', 12),
  ('teacher-hong-myeonghwan', '홍명환', 13);

insert into public.students (id, class_id, class_name, name, sort_order) values
  ('sarang-kim-chaeron', 'sarang', '사랑반', '김채론', 1),
  ('sarang-noel', 'sarang', '사랑반', '노엘', 2),
  ('sarang-song-yeseo', 'sarang', '사랑반', '송예서', 3),
  ('sarang-an-jiho', 'sarang', '사랑반', '안지호', 4),
  ('sarang-yoon-juro', 'sarang', '사랑반', '윤주로', 5),
  ('sarang-jang-yunseul', 'sarang', '사랑반', '장윤슬', 6),
  ('sarang-jung-jiho', 'sarang', '사랑반', '정지호', 7),
  ('somang1-kim-aron', 'somang1', '소망1반', '김아론', 1),
  ('somang1-kim-yunwoo', 'somang1', '소망1반', '김윤우', 2),
  ('somang1-song-yeonseo', 'somang1', '소망1반', '송연서', 3),
  ('somang1-yoo-seonye', 'somang1', '소망1반', '유선예', 4),
  ('somang1-yoo-seonha', 'somang1', '소망1반', '유선하', 5),
  ('somang2-kim-raon', 'somang2', '소망2반', '김라온', 1),
  ('somang2-kim-iseo', 'somang2', '소망2반', '김이서', 2),
  ('somang2-kim-hamin', 'somang2', '소망2반', '김하민', 3),
  ('somang2-park-jaejun', 'somang2', '소망2반', '박재준', 4),
  ('somang2-choi-jian', 'somang2', '소망2반', '최지안', 5),
  ('somang2-kim-eunyul', 'somang2', '소망2반', '김은율', 6),
  ('somang2-yoon-seol', 'somang2', '소망2반', '윤설', 7),
  ('mideum1-kim-dahee', 'mideum1', '믿음1반', '김다희', 1),
  ('mideum1-kim-eunwoo', 'mideum1', '믿음1반', '김은우', 2),
  ('mideum1-lee-seowoo', 'mideum1', '믿음1반', '이서우', 3),
  ('mideum1-jin-sori', 'mideum1', '믿음1반', '진소리', 4),
  ('mideum2-son-hyerin', 'mideum2', '믿음2반', '손혜린', 1),
  ('mideum2-yoon-taejun', 'mideum2', '믿음2반', '윤태준', 2),
  ('mideum2-cha-yeeon', 'mideum2', '믿음2반', '차예온', 3),
  ('mideum2-ham-iseo', 'mideum2', '믿음2반', '함이서', 4);

insert into public.prayer_days (day_index, prayer_date, publish_at, title) values
  (1, date '2026-06-22', timestamptz '2026-06-22 00:00:00+09', '1일차 기도문'),
  (2, date '2026-06-23', timestamptz '2026-06-23 00:00:00+09', '2일차 기도문'),
  (3, date '2026-06-24', timestamptz '2026-06-24 00:00:00+09', '3일차 기도문'),
  (4, date '2026-06-25', timestamptz '2026-06-25 00:00:00+09', '4일차 기도문'),
  (5, date '2026-06-26', timestamptz '2026-06-26 00:00:00+09', '5일차 기도문'),
  (6, date '2026-06-27', timestamptz '2026-06-27 00:00:00+09', '6일차 기도문'),
  (7, date '2026-06-28', timestamptz '2026-06-28 00:00:00+09', '7일차 기도문'),
  (8, date '2026-06-29', timestamptz '2026-06-29 00:00:00+09', '8일차 기도문'),
  (9, date '2026-06-30', timestamptz '2026-06-30 00:00:00+09', '9일차 기도문'),
  (10, date '2026-07-01', timestamptz '2026-07-01 00:00:00+09', '10일차 기도문'),
  (11, date '2026-07-02', timestamptz '2026-07-02 00:00:00+09', '11일차 기도문'),
  (12, date '2026-07-03', timestamptz '2026-07-03 00:00:00+09', '12일차 기도문'),
  (13, date '2026-07-04', timestamptz '2026-07-04 00:00:00+09', '13일차 기도문'),
  (14, date '2026-07-05', timestamptz '2026-07-05 00:00:00+09', '14일차 기도문'),
  (15, date '2026-07-06', timestamptz '2026-07-06 00:00:00+09', '15일차 기도문'),
  (16, date '2026-07-07', timestamptz '2026-07-07 00:00:00+09', '16일차 기도문'),
  (17, date '2026-07-08', timestamptz '2026-07-08 00:00:00+09', '17일차 기도문'),
  (18, date '2026-07-09', timestamptz '2026-07-09 00:00:00+09', '18일차 기도문'),
  (19, date '2026-07-10', timestamptz '2026-07-10 00:00:00+09', '19일차 기도문'),
  (20, date '2026-07-11', timestamptz '2026-07-11 00:00:00+09', '20일차 기도문');
